Date,KO,PEP
2018-01-02,35.742027282714844,93.32514190673828
2018-01-03,35.66353225708008,93.08010864257812
2018-01-04,36.16585159301758,93.53856658935547
2018-01-05,36.15799331665039,93.8073501586914
2018-01-08,36.103065490722656,93.26981353759766
2018-01-09,36.2835693359375,93.34098052978516
2018-01-10,36.15799331665039,92.86666870117188
2018-01-11,36.134456634521484,92.39239501953125
2018-01-12,36.22078323364258,92.78763580322266
2018-01-16,36.51902389526367,93.16706085205078
2018-01-17,36.74663543701172,94.21050262451172
2018-01-18,36.79372787475586,94.10772705078125
2018-01-19,37.01348114013672,94.99308776855469
2018-01-22,37.1861457824707,96.05233764648438
2018-01-23,37.2410888671875,95.8863296508789
2018-01-24,37.53933334350586,95.75984954833984
2018-01-25,37.54718017578125,95.57014465332031
2018-01-26,38.08872604370117,96.24996948242188
2018-01-29,37.43730926513672,94.59783172607422
2018-01-30,37.209686279296875,94.77177429199219
2018-01-31,37.35097122192383,95.09584045410156
2018-02-01,37.2410888671875,95.09584045410156
2018-02-02,36.67599105834961,93.8073501586914
2018-02-05,35.23188018798828,90.47938537597656
2018-02-06,35.05921173095703,89.76795959472656
2018-02-07,34.97288131713867,89.72051239013672
2018-02-08,33.82699203491211,87.07238006591797
2018-02-09,33.85054397583008,87.88660430908203
2018-02-12,34.50981903076172,88.47945404052734
2018-02-13,34.68247985839844,88.64545440673828
2018-02-14,34.61184310913086,86.25028228759766
2018-02-15,35.145538330078125,87.72061157226562
2018-02-16,35.302513122558594,87.79173278808594
2018-02-20,34.5255126953125,86.54276275634766
2018-02-21,34.01536178588867,85.37281799316406
2018-02-22,34.15664291381836,86.36885070800781
2018-02-23,34.564754486083984,86.70084381103516
2018-02-26,34.55690002441406,87.6968765258789
2018-02-27,34.23512268066406,87.6573486328125
2018-02-28,33.92118453979492,86.74039459228516
2018-03-01,34.08598709106445,86.09932708740234
2018-03-02,34.313602447509766,86.83195495605469
2018-03-05,34.447025299072266,87.14253997802734
2018-03-06,34.478424072265625,87.26197052001953
2018-03-07,34.39208221435547,87.46903228759766
2018-03-08,34.88655090332031,89.2528076171875
2018-03-09,35.176937103271484,89.6191177368164
2018-03-12,34.9493408203125,89.78633880615234
2018-03-13,34.98073196411133,90.46321868896484
2018-03-14,34.66400146484375,89.67486572265625
2018-03-15,34.5769157409668,89.18112182617188
2018-03-16,34.41064453125,88.90241241455078
2018-03-19,34.252288818359375,87.88311004638672
2018-03-20,34.17311096191406,87.51681518554688
2018-03-21,34.046424865722656,86.5930404663086
2018-03-22,33.85640335083008,85.95600128173828
2018-03-23,33.515933990478516,84.53055572509766
2018-03-26,33.80097961425781,85.05615234375
2018-03-27,33.95932388305664,85.71709442138672
2018-03-28,34.29979705810547,86.94343566894531
2018-03-29,34.386878967285156,86.9195556640625
2018-04-02,33.785133361816406,85.24726104736328
2018-04-03,34.34730911254883,86.15506744384766
2018-04-04,35.028221130371094,87.7397689819336
2018-04-05,35.15491485595703,88.05034637451172
2018-04-06,34.774864196777344,87.03899383544922
2018-04-09,34.70360565185547,87.10271453857422
2018-04-10,34.83028793334961,87.11864471435547
2018-04-11,34.83028793334961,86.54527282714844
2018-04-12,34.86194610595703,86.25064086914062
2018-04-13,35.242008209228516,87.00715637207031
2018-04-16,35.376617431640625,87.53271484375
2018-04-17,35.534969329833984,86.69657897949219
2018-04-18,35.242008209228516,85.19152069091797
2018-04-19,35.08365249633789,84.06868743896484
2018-04-20,34.63234329223633,81.60801696777344
2018-04-23,34.82237243652344,81.68766021728516
2018-04-24,34.10184860229492,80.77983856201172
2018-04-25,33.59511947631836,80.54891967773438
2018-04-26,33.84848403930664,82.22914123535156
2018-04-27,34.2918815612793,80.99484252929688
2018-04-30,34.21269989013672,80.38168334960938
2018-05-01,33.721797943115234,78.94031524658203
2018-05-02,33.30215835571289,77.42729187011719
2018-05-03,33.16754913330078,77.721923828125
2018-05-04,33.53968811035156,78.82884216308594
2018-05-07,33.365501403808594,78.22361755371094
2018-05-08,33.10420227050781,77.07689666748047
2018-05-09,33.08045959472656,76.5752182006836
2018-05-10,33.39717483520508,77.45913696289062
2018-05-11,33.365501403808594,77.5865478515625
2018-05-14,33.28631591796875,77.36358642578125
2018-05-15,33.03294372558594,77.08484649658203
2018-05-16,32.898338317871094,77.39543914794922
2018-05-17,33.492183685302734,77.97676086425781
2018-05-18,33.39717483520508,77.6502685546875
2018-05-21,33.57928466796875,79.24291229248047
2018-05-22,33.45259094238281,79.57738494873047
2018-05-23,33.57135772705078,79.99149322509766
2018-05-24,33.50801467895508,79.77644348144531
2018-05-25,33.57135772705078,79.87998962402344
2018-05-29,33.79306411743164,80.50908660888672
2018-05-30,34.14936065673828,81.09040069580078
2018-05-31,34.046424865722656,80.56643676757812
2018-06-01,34.14143371582031,80.56643676757812
2018-06-04,34.43440246582031,80.46196746826172
2018-06-05,34.13352966308594,80.5342788696289
2018-06-06,34.41064453125,81.03255462646484
2018-06-07,34.39480209350586,81.29773712158203
2018-06-08,34.79861831665039,82.36660766601562
2018-06-11,34.941123962402344,82.94523620605469
2018-06-12,35.1628303527832,83.96590423583984
2018-06-13,34.98072052001953,84.60076904296875
2018-06-14,34.81296920776367,84.48826599121094
2018-06-15,35.244327545166016,86.4813461303711
2018-06-18,34.789005279541016,84.68917083740234
2018-06-19,34.82894515991211,85.15531158447266
2018-06-20,34.557342529296875,85.03475189208984
2018-06-21,34.421546936035156,86.1839828491211
2018-06-22,34.549354553222656,87.09210968017578
2018-06-25,34.81296920776367,87.59037017822266
2018-06-26,34.613250732421875,86.8349380493164
2018-06-27,34.40556335449219,87.01173400878906
2018-06-28,34.725093841552734,87.34124755859375
2018-06-29,35.03664016723633,87.49394226074219
2018-07-02,34.948768615722656,88.02436065673828
2018-07-03,35.1404914855957,87.43769073486328
2018-07-05,35.67570495605469,88.04042053222656
2018-07-06,35.65972900390625,88.0484390258789
2018-07-09,35.46800994873047,86.60188293457031
2018-07-10,35.9233283996582,90.72463989257812
2018-07-11,35.77956008911133,90.44335174560547
2018-07-12,35.68368911743164,89.63165283203125
2018-07-13,35.73961639404297,90.56392669677734
2018-07-16,35.73162078857422,90.7808837890625
2018-07-17,36.147010803222656,92.32391357421875
2018-07-18,36.04316329956055,92.28372192382812
2018-07-19,36.03517150878906,93.03914642333984
2018-07-20,36.17097091674805,93.2320327758789
2018-07-23,35.907371520996094,91.93012237548828
2018-07-24,36.154991149902344,92.2114028930664
2018-07-25,36.81804275512695,92.589111328125
2018-07-26,36.9378547668457,92.42035675048828
2018-07-27,36.91389083862305,91.84169006347656
2018-07-30,36.92985916137695,91.7613525390625
2018-07-31,37.24940490722656,92.42035675048828
2018-08-01,37.057682037353516,91.30326080322266
2018-08-02,36.88991928100586,92.17121887207031
2018-08-03,37.24140167236328,93.4651107788086
2018-08-06,37.265384674072266,94.33305358886719
2018-08-07,37.14555358886719,91.79348754882812
2018-08-08,36.86595916748047,91.20681762695312
2018-08-09,37.025726318359375,91.3755874633789
2018-08-10,36.8100471496582,90.70855712890625
2018-08-13,36.61033248901367,90.82909393310547
2018-08-14,36.658260345458984,90.89340209960938
2018-08-15,36.8100471496582,91.1746826171875
2018-08-16,36.921878814697266,91.81761169433594
2018-08-17,37.225433349609375,92.38819122314453
2018-08-20,37.329280853271484,92.29174041748047
2018-08-21,36.921878814697266,91.39165496826172
2018-08-22,36.69021987915039,90.2022705078125
2018-08-23,36.50648880004883,89.95313262939453
2018-08-24,36.450565338134766,90.12992095947266
2018-08-27,36.49850082397461,90.33888244628906
2018-08-28,36.24285888671875,89.34235382080078
2018-08-29,36.21092224121094,90.0495376586914
2018-08-30,35.907371520996094,89.97721099853516
2018-08-31,35.60381317138672,90.01741027832031
2018-09-04,35.755584716796875,89.20572662353516
2018-09-05,36.250858306884766,90.90947723388672
2018-09-06,36.56241226196289,91.9693374633789
2018-09-07,36.522464752197266,91.35350036621094
2018-09-10,36.7940673828125,92.02606964111328
2018-09-11,36.76211166381836,91.83159637451172
2018-09-12,36.9378547668457,92.25293731689453
2018-09-13,36.9217414855957,93.17671203613281
2018-09-14,37.05064010620117,92.83638763427734
2018-09-17,37.31648635864258,93.50891876220703
2018-09-18,37.00230407714844,92.35828399658203
2018-09-19,37.026466369628906,92.18811798095703
2018-09-20,37.57429504394531,93.36307525634766
2018-09-21,37.525962829589844,93.11188507080078
2018-09-24,37.11509704589844,90.97268676757812
2018-09-25,36.8008918762207,90.7295913696289
2018-09-26,36.93785095214844,90.3487319946289
2018-09-27,37.066749572753906,89.9841079711914
2018-09-28,37.211761474609375,90.59184265136719
2018-10-01,37.243988037109375,89.70858764648438
2018-10-02,37.46956253051758,88.09611511230469
2018-10-03,36.95396423339844,87.12374114990234
2018-10-04,36.93785095214844,86.38636016845703
2018-10-05,36.96201705932617,86.28912353515625
2018-10-08,37.44538497924805,87.66665649414062
2018-10-09,37.372886657714844,87.60991668701172
2018-10-10,36.8008918762207,86.9778823852539
2018-10-11,35.96304702758789,85.13038635253906
2018-10-12,35.99527359008789,85.30866241455078
2018-10-15,36.18056106567383,85.5922622680664
2018-10-16,36.6478271484375,87.01840209960938
2018-10-17,36.94590377807617,87.76387786865234
2018-10-18,36.744503021240234,87.45597839355469
2018-10-19,37.324554443359375,89.36827087402344
2018-10-22,37.03451919555664,88.64708709716797
2018-10-23,37.34872055053711,89.23863983154297
2018-10-24,37.646793365478516,91.53178405761719
2018-10-25,37.46956253051758,91.44265747070312
2018-10-26,36.99424362182617,89.4979248046875
2018-10-29,37.42927932739258,91.47505950927734
2018-10-30,38.37187576293945,92.18811798095703
2018-10-31,38.57327651977539,91.06182098388672
2018-11-01,38.460479736328125,90.35684967041016
2018-11-02,38.66993713378906,90.08134460449219
2018-11-05,39.22581481933594,92.6905288696289
2018-11-06,39.5641975402832,93.35497283935547
2018-11-07,39.773643493652344,93.6791000366211
2018-11-08,39.74142074584961,94.04374694824219
2018-11-09,40.02338409423828,95.1943588256836
2018-11-12,40.17646026611328,94.78111267089844
2018-11-13,40.16840362548828,94.91883850097656
2018-11-14,40.087833404541016,94.52182006835938
2018-11-15,40.07173156738281,94.64337158203125
2018-11-16,40.41814422607422,95.89933013916016
2018-11-19,40.69204330444336,96.43411254882812
2018-11-20,39.78170394897461,93.99510955810547
2018-11-21,39.2580451965332,93.41168975830078
2018-11-23,39.49168014526367,93.51703643798828
2018-11-26,39.37084197998047,93.88166809082031
2018-11-27,39.773643493652344,94.35163116455078
2018-11-28,40.047569274902344,96.0208511352539
2018-11-29,39.771488189697266,95.83450317382812
2018-11-30,40.92451477050781,98.80831909179688
2018-12-03,40.34799575805664,96.4098129272461
2018-12-04,40.25868225097656,95.45366668701172
2018-12-06,40.09628677368164,95.42750549316406
2018-12-07,39.86079788208008,94.5944595336914
2018-12-10,39.982601165771484,94.89663696289062
2018-12-11,40.226200103759766,95.79505920410156
2018-12-12,39.96636199951172,95.55819702148438
2018-12-13,40.16937255859375,96.66079711914062
2018-12-14,40.06379318237305,93.06712341308594
2018-12-17,39.24369430541992,92.1850814819336
2018-12-18,39.235572814941406,91.34383392333984
2018-12-19,38.894535064697266,89.87370300292969
2018-12-20,38.60221481323242,90.0125503540039
2018-12-21,38.626583099365234,89.3673324584961
2018-12-24,37.31925582885742,86.5986099243164
2018-12-26,38.11500930786133,88.47711181640625
2018-12-27,38.59409713745117,89.3673324584961
2018-12-28,38.32612609863281,90.13507080078125
2018-12-31,38.44793701171875,90.23307037353516
2019-01-02,38.106895446777344,89.25298309326172
2019-01-03,37.87141799926758,88.41991424560547
2019-01-04,38.626583099365234,90.23307037353516
2019-01-07,38.123146057128906,89.45719146728516
2019-01-08,38.55349349975586,90.31473541259766
2019-01-09,37.8145751953125,87.79102325439453
2019-01-10,38.2205810546875,88.33008575439453
2019-01-11,38.4398078918457,88.33824920654297
2019-01-14,38.2855339050293,87.65217590332031
2019-01-15,38.626583099365234,89.0161361694336
2019-01-16,38.09878158569336,88.4852523803711
2019-01-17,38.21245574951172,89.2039794921875
2019-01-18,38.65904998779297,89.89820098876953
2019-01-22,38.748374938964844,89.76752471923828
2019-01-23,39.19498062133789,90.43726348876953
2019-01-24,38.72401428222656,89.43265533447266
2019-01-25,38.464176177978516,89.3101577758789
2019-01-28,38.30177688598633,88.87728118896484
2019-01-29,38.4885368347168,89.02432250976562
2019-01-30,38.8620491027832,90.51075744628906
2019-01-31,39.0812873840332,92.02172088623047
2019-02-01,39.54412841796875,91.62967681884766
2019-02-04,39.990726470947266,92.36474609375
2019-02-05,39.99884033203125,92.2095718383789
2019-02-06,39.99884033203125,92.33208465576172
2019-02-07,40.12875747680664,92.36474609375
2019-02-08,40.1937255859375,92.30757904052734
2019-02-11,40.28303909301758,92.2667465209961
2019-02-12,40.32364273071289,92.93647766113281
2019-02-13,40.42919158935547,93.20598602294922
2019-02-14,37.01882553100586,91.95637512207031
2019-02-15,36.734619140625,94.66796875
2019-02-19,36.40169906616211,94.68431854248047
2019-02-20,36.62094497680664,94.60261535644531
2019-02-21,37.238067626953125,94.82313537597656
2019-02-22,36.76710891723633,95.36217498779297
2019-02-25,36.49101257324219,94.79047393798828
2019-02-26,36.28802490234375,94.71694946289062
2019-02-27,36.49101257324219,94.22691345214844
2019-02-28,36.815818786621094,95.21329498291016
2019-03-01,36.84830093383789,95.65792846679688
2019-03-04,37.06753921508789,95.64966583251953
2019-03-05,37.026939392089844,95.53438568115234
2019-03-06,36.905147552490234,96.0531234741211
2019-03-07,36.76710891723633,95.59204864501953
2019-03-08,36.409820556640625,94.87571716308594
2019-03-11,37.49789810180664,95.9954833984375
2019-03-12,37.39234161376953,95.9790267944336
2019-03-13,37.53038024902344,95.98725128173828
2019-03-14,37.432090759277344,95.09803009033203
2019-03-15,37.10445022583008,95.22977447509766
2019-03-18,37.19453811645508,96.55536651611328
2019-03-19,37.31741714477539,97.23053741455078
2019-03-20,37.2928352355957,97.4198989868164
2019-03-21,37.276458740234375,98.34207153320312
2019-03-22,37.62047576904297,99.39598083496094
2019-03-25,37.702392578125,99.50300598144531
2019-03-26,38.202022552490234,100.4663314819336
2019-03-27,38.17744445800781,100.3592758178711
2019-03-28,38.15287399291992,100.31813049316406
2019-03-29,38.382225036621094,100.90271759033203
2019-04-01,38.26755905151367,100.44987487792969
2019-04-02,38.144691467285156,100.1864013671875
2019-04-03,37.82524490356445,100.08759307861328
2019-04-04,38.070960998535156,100.01347351074219
2019-04-05,38.062782287597656,100.13699340820312
2019-04-08,38.1283073425293,100.44987487792969
2019-04-09,38.22660827636719,100.58984375
2019-04-10,38.202022552490234,100.4827880859375
2019-04-11,38.259361267089844,100.17815399169922
2019-04-12,38.283935546875,100.63923645019531
2019-04-15,38.49689865112305,101.8166275024414
2019-04-16,38.45594787597656,100.78744506835938
2019-04-17,38.72624206542969,104.57490539550781
2019-04-18,38.890052795410156,104.64076232910156
2019-04-22,38.82453155517578,104.10559844970703
2019-04-23,39.487979888916016,104.64076232910156
2019-04-24,39.299598693847656,104.50080108642578
2019-04-25,39.18492126464844,103.85035705566406
2019-04-26,39.52893829345703,104.0726547241211
2019-04-29,39.660003662109375,104.3114242553711
2019-04-30,40.18421173095703,105.43118286132812
2019-05-01,39.79923629760742,104.76426696777344
2019-05-02,39.63541793823242,104.42668914794922
2019-05-03,39.90571212768555,105.11831665039062
2019-05-06,39.70094680786133,104.78897094726562
2019-05-07,39.31596755981445,103.7268295288086
2019-05-08,39.1931037902832,103.759765625
2019-05-09,38.82453155517578,103.78448486328125
2019-05-10,39.47160720825195,105.39824676513672
2019-05-13,39.35694122314453,104.69839477539062
2019-05-14,39.88114547729492,104.90424346923828
2019-05-15,40.28250503540039,106.5015640258789
2019-05-16,40.610130310058594,107.25902557373047
2019-05-17,40.29888153076172,107.45664978027344
2019-05-20,40.01219940185547,107.02851867675781
2019-05-21,39.807430267333984,106.25454711914062
2019-05-22,40.66746520996094,107.0943832397461
2019-05-23,40.831275939941406,107.01203918457031
2019-05-24,40.634700775146484,106.62504577636719
2019-05-28,40.21696472167969,105.08538055419922
2019-05-29,39.815616607666016,105.52999114990234
2019-05-30,40.3398323059082,105.89227294921875
2019-05-31,40.24154281616211,105.3900375366211
2019-06-03,40.937747955322266,106.1969223022461
2019-06-04,40.95414733886719,106.2710189819336
2019-06-05,41.5930290222168,108.18120574951172
2019-06-06,42.100868225097656,109.46260833740234
2019-06-07,42.17457962036133,110.69842529296875
2019-06-10,42.08448028564453,110.79791259765625
2019-06-11,42.04353332519531,110.47443389892578
2019-06-12,42.29743194580078,110.42471313476562
2019-06-13,42.206642150878906,110.25882720947266
2019-06-14,42.355224609375,110.08466339111328
2019-06-17,41.99201583862305,109.91048431396484
2019-06-18,41.802154541015625,109.52896118164062
2019-06-19,42.19837951660156,110.1841812133789
2019-06-20,42.644142150878906,111.27066802978516
2019-06-21,42.553340911865234,111.10480499267578
2019-06-24,42.858760833740234,111.25410461425781
2019-06-25,42.72669219970703,110.98039245605469
2019-06-26,42.19837951660156,109.74461364746094
2019-06-27,42.16536331176758,109.22210693359375
2019-06-28,42.033287048339844,108.75764465332031
2019-07-01,42.594608306884766,109.37136840820312
2019-07-02,42.90829849243164,109.83583068847656
2019-07-03,43.007347106933594,111.12967681884766
2019-07-05,43.015602111816406,110.32515716552734
2019-07-08,42.92478942871094,109.94366455078125
2019-07-09,42.58636474609375,109.26355743408203
2019-07-10,42.77621841430664,111.47804260253906
2019-07-11,42.95781326293945,111.4282455444336
2019-07-12,43.023860931396484,110.54080963134766
2019-07-15,43.0321044921875,111.26239013671875
2019-07-16,43.040374755859375,110.97209167480469
2019-07-17,43.07338333129883,110.1261215209961
2019-07-18,42.9495735168457,110.20907592773438
2019-07-19,42.4212532043457,107.89507293701172
2019-07-22,42.28092575073242,108.05265045166016
2019-07-23,44.84815979003906,108.43418884277344
2019-07-24,44.39414978027344,107.16519165039062
2019-07-25,43.80805969238281,106.98274230957031
2019-07-26,44.71608352661133,108.83228302001953
2019-07-29,44.567501068115234,109.08939361572266
2019-07-30,44.34461975097656,108.21852111816406
2019-07-31,43.44485092163086,106.00406646728516
2019-08-01,42.9495735168457,105.44837188720703
2019-08-02,43.19721221923828,106.09530639648438
2019-08-05,42.635887145996094,103.17584991455078
2019-08-06,43.14768600463867,104.8760986328125
2019-08-07,43.89886474609375,105.97917938232422
2019-08-08,44.319854736328125,107.380859375
2019-08-09,44.09697341918945,106.65928649902344
2019-08-12,43.91537094116211,106.45193481445312
2019-08-13,44.16301727294922,107.7623519897461
2019-08-14,43.74203109741211,107.0905532836914
2019-08-15,44.46843719482422,108.4176025390625
2019-08-16,44.91420364379883,109.2801513671875
2019-08-19,45.14534378051758,109.95196533203125
2019-08-20,44.47669219970703,109.52896118164062
2019-08-21,44.65829849243164,109.76119232177734
2019-08-22,44.980247497558594,110.02658081054688
2019-08-23,44.36113357543945,108.04434204101562
2019-08-26,45.021522521972656,110.92234802246094
2019-08-27,45.170101165771484,111.76830291748047
2019-08-28,45.49203109741211,112.12496948242188
2019-08-29,45.442501068115234,112.81331634521484
2019-08-30,45.43425750732422,113.4021987915039
2019-09-03,45.648868560791016,114.00767517089844
2019-09-04,46.03684997558594,115.4093246459961
2019-09-05,45.50028610229492,113.55953216552734
2019-09-06,45.59109878540039,114.72032928466797
2019-09-09,45.00499725341797,113.91029357910156
2019-09-10,44.90594482421875,113.45933532714844
2019-09-11,45.21138381958008,113.87688446044922
2019-09-12,45.49203109741211,114.6535415649414
2019-09-13,45.11785125732422,113.94368743896484
2019-09-16,44.868404388427734,112.64090728759766
2019-09-17,45.10122299194336,113.32568359375
2019-09-18,45.09290313720703,113.15868377685547
2019-09-19,45.33403778076172,113.14198303222656
2019-09-20,44.82683181762695,112.49895477294922
2019-09-23,45.01807403564453,113.10858917236328
2019-09-24,45.151119232177734,113.04176330566406
2019-09-25,45.04301834106445,112.81627655029297
2019-09-26,45.22594451904297,113.34239196777344
2019-09-27,45.159427642822266,113.2421875
2019-09-30,45.26752471923828,114.49488067626953
2019-10-01,45.442142486572266,114.72032928466797
2019-10-02,44.13667297363281,111.85589599609375
2019-10-03,44.76862716674805,115.18798828125
2019-10-04,45.35068893432617,117.15055084228516
2019-10-07,44.79356002807617,115.5304183959961
2019-10-08,44.55242919921875,114.61180114746094
2019-10-09,44.76030731201172,115.12123107910156
2019-10-10,44.618953704833984,115.15459442138672
2019-10-11,44.31960678100586,114.94583129882812
2019-10-14,44.31960678100586,114.78717041015625
2019-10-15,44.494224548339844,113.8518295288086
2019-10-16,44.477596282958984,113.9269790649414
2019-10-17,44.727046966552734,114.37797546386719
2019-10-18,45.55023956298828,113.78502655029297
2019-10-21,45.09290313720703,113.67647552490234
2019-10-22,44.77692794799805,114.12741088867188
2019-10-23,45.4338264465332,114.78717041015625
2019-10-24,45.40888595581055,115.15459442138672
2019-10-25,44.693782806396484,114.1107177734375
2019-10-28,44.54411697387695,114.05225372314453
2019-10-29,44.411067962646484,113.64305114746094
2019-10-30,44.851768493652344,114.32782745361328
2019-10-31,45.25920486450195,114.55335998535156
2019-11-01,44.818511962890625,114.35289764404297
2019-11-04,44.18655776977539,112.8747329711914
2019-11-05,43.58786392211914,111.91435241699219
2019-11-06,43.90384292602539,112.27344512939453
2019-11-07,43.479774475097656,111.338134765625
2019-11-08,43.41325378417969,111.1794662475586
2019-11-11,43.10560607910156,110.56143951416016
2019-11-12,42.99750900268555,110.21906280517578
2019-11-13,43.579551696777344,111.31303405761719
2019-11-14,43.76249313354492,111.34647369384766
2019-11-15,43.79574966430664,111.7473373413086
2019-11-18,44.0950927734375,111.95609283447266
2019-11-19,44.13667297363281,112.38201141357422
2019-11-20,44.253089904785156,111.68889617919922
2019-11-21,44.036895751953125,111.83082580566406
2019-11-22,44.0950927734375,111.96446990966797
2019-11-25,44.253089904785156,111.7640380859375
2019-11-26,44.818511962890625,113.32568359375
2019-11-27,44.86008071899414,113.5010986328125
2019-11-29,44.734432220458984,113.43428802490234
2019-12-02,45.02763748168945,113.47603607177734
2019-12-03,45.06951141357422,113.1252670288086
2019-12-04,45.48000717163086,114.66188049316406
2019-12-05,45.396236419677734,114.65768432617188
2019-12-06,45.58891296386719,115.51548767089844
2019-12-09,45.29570770263672,115.34728240966797
2019-12-10,45.04438781738281,114.59881591796875
2019-12-11,45.19517517089844,115.29683685302734
2019-12-12,45.35434341430664,115.36409759521484
2019-12-13,45.58891296386719,116.00324249267578
2019-12-16,45.58891296386719,115.26318359375
2019-12-17,45.58891296386719,114.51470947265625
2019-12-18,45.16167068481445,114.3465347290039
2019-12-19,45.505130767822266,114.76701354980469
2019-12-20,46.049659729003906,115.98641204833984
2019-12-23,45.9993896484375,115.24637603759766
2019-12-24,45.831844329833984,115.1202163696289
2019-12-26,46.09154510498047,114.95203399658203
2019-12-27,46.36798858642578,115.66686248779297
2019-12-30,46.30097579956055,115.05292510986328
2019-12-31,46.36798858642578,114.93521118164062
2020-01-02,46.06641387939453,114.22039794921875
2020-01-03,45.81509780883789,114.06062316894531
2020-01-06,45.79833221435547,114.49790954589844
2020-01-07,45.446495056152344,112.69823455810547
2020-01-08,45.5302619934082,113.27847290039062
2020-01-09,46.359619140625,113.35417175292969
2020-01-10,46.51877975463867,113.13552856445312
2020-01-13,47.02141189575195,114.81745910644531
2020-01-14,46.912513732910156,115.08657836914062
2020-01-15,47.49891662597656,117.06287384033203
2020-01-16,47.599449157714844,117.40766906738281
2020-01-17,47.6999626159668,118.79528045654297
2020-01-21,47.89265060424805,119.29985046386719
2020-01-22,48.26124572753906,120.57809448242188
2020-01-23,48.44553756713867,120.80516815185547
2020-01-24,48.31988525390625,120.19123840332031
2020-01-27,48.15233612060547,119.53533172607422
2020-01-28,47.758609771728516,119.78760528564453
2020-01-29,47.758609771728516,119.19049072265625
2020-01-30,49.308387756347656,120.95655822753906
2020-01-31,48.92304992675781,119.43439483642578
2020-02-03,49.0738410949707,119.84645080566406
2020-02-04,49.291648864746094,120.44355010986328
2020-02-05,49.30002212524414,121.35182189941406
2020-02-06,49.41730499267578,121.37702941894531
2020-02-07,49.5848503112793,122.25164031982422
2020-02-10,50.053977966308594,122.49553680419922
2020-02-11,49.91994094848633,122.84874725341797
2020-02-12,49.769142150878906,122.84874725341797
2020-02-13,49.93669128417969,123.17670440673828
2020-02-14,50.221527099609375,123.61400604248047
2020-02-18,49.869667053222656,122.44506072998047
2020-02-19,50.07072830200195,122.38619232177734
2020-02-20,50.028846740722656,122.0750503540039
2020-02-21,50.372310638427734,122.65532684326172
2020-02-24,49.13248062133789,119.95579528808594
2020-02-25,48.43716049194336,118.66069793701172
2020-02-26,48.25286102294922,119.40071868896484
2020-02-27,46.016151428222656,114.68291473388672
2020-02-28,44.80982971191406,111.03311157226562
2020-03-02,46.845489501953125,115.70048522949219
2020-03-03,46.9627799987793,114.01856994628906
2020-03-04,49.35866165161133,119.74555969238281
2020-03-05,47.53243637084961,116.92198944091797
2020-03-06,46.29258728027344,116.21080017089844
2020-03-09,43.444339752197266,110.19963836669922
2020-03-10,44.952239990234375,113.56925964355469
2020-03-11,43.7375373840332,109.85247802734375
2020-03-12,39.507041931152344,97.65228271484375
2020-03-13,40.96055221557617,107.90518188476562
2020-03-16,38.24787521362305,95.74732208251953
2020-03-17,39.87041473388672,108.13378143310547
2020-03-18,37.90140151977539,102.3765869140625
2020-03-19,35.34929275512695,99.3455810546875
2020-03-20,32.36618423461914,87.99205017089844
2020-03-23,31.7408390045166,89.05036926269531
2020-03-24,33.33803176879883,96.38231658935547
2020-03-25,35.16336441040039,95.24781036376953
2020-03-26,37.42816925048828,101.81780242919922
2020-03-27,36.17745590209961,101.98712921142578
2020-03-30,38.028167724609375,106.2373046875
2020-03-31,37.39435958862305,101.68234252929688
2020-04-01,35.5943489074707,100.0059814453125
2020-04-02,37.14084243774414,104.86573028564453
2020-04-03,37.039432525634766,105.48377990722656
2020-04-06,39.439430236816406,111.04625701904297
2020-04-07,39.30421829223633,110.47052001953125
2020-04-08,40.4112663269043,112.27391815185547
2020-04-09,41.408447265625,113.13748168945312
2020-04-13,39.65915298461914,110.81766510009766
2020-04-14,41.34083557128906,117.17596435546875
2020-04-15,40.233787536621094,114.3227767944336
2020-04-16,39.80280303955078,114.83922576904297
2020-04-17,40.614078521728516,116.45632934570312
2020-04-20,39.32112121582031,113.91639709472656
2020-04-21,38.34928894042969,110.8600082397461
2020-04-22,38.60280990600586,112.28235626220703
2020-04-23,38.08731460571289,110.28427124023438
2020-04-24,38.391536712646484,113.75553131103516
2020-04-27,39.53238296508789,113.84020233154297
2020-04-28,39.49857711791992,115.41496276855469
2020-04-29,39.819698333740234,112.90888977050781
2020-04-30,38.78026580810547,112.00296020507812
2020-05-01,38.53519821166992,110.18267059326172
2020-05-04,38.14646530151367,110.84305572509766
2020-05-05,38.36619186401367,111.47803497314453
2020-05-06,37.816898345947266,110.72451782226562
2020-05-07,37.690128326416016,111.37644958496094
2020-05-08,38.966190338134766,113.64543914794922
2020-05-11,38.4845085144043,113.77246856689453
2020-05-12,37.87604904174805,112.55327606201172
2020-05-13,37.132389068603516,112.57022857666016
2020-05-14,36.9295768737793,112.67184448242188
2020-05-15,36.557743072509766,115.1016845703125
2020-05-18,38.002811431884766,114.73765563964844
2020-05-19,37.639427185058594,111.52885437011719
2020-05-20,38.78026580810547,111.13091278076172
2020-05-21,38.17182159423828,110.24195098876953
2020-05-22,38.05351257324219,110.47052001953125
2020-05-26,38.94928741455078,109.85247802734375
2020-05-27,39.49013137817383,110.74993133544922
2020-05-28,39.79435348510742,112.00296020507812
2020-05-29,39.447879791259766,111.37644958496094
2020-06-01,39.709842681884766,112.59561157226562
2020-06-02,39.6338005065918,112.29084777832031
2020-06-03,40.47887420654297,112.45170593261719
2020-06-04,40.49576950073242,111.40478515625
2020-06-05,41.484493255615234,113.00031280517578
2020-06-08,42.12675094604492,112.80406188964844
2020-06-09,41.408447265625,113.45252227783203
2020-06-10,41.087318420410156,114.44226837158203
2020-06-11,38.4845085144043,109.07549285888672
2020-06-12,38.88528823852539,110.06523895263672
2020-06-15,39.48222351074219,111.32798767089844
2020-06-16,39.88300704956055,112.34331512451172
2020-06-17,39.720985412597656,112.42012786865234
2020-06-18,40.07060623168945,113.29042053222656
2020-06-19,39.243446350097656,112.01057434082031
2020-06-22,39.00467300415039,111.81434631347656
2020-06-23,38.919403076171875,112.07881927490234
2020-06-24,38.07518005371094,110.54304504394531
2020-06-25,38.31394958496094,112.12150573730469
2020-06-26,37.15421676635742,110.00550079345703
2020-06-29,37.8278923034668,111.83992004394531
2020-06-30,38.10076141357422,112.84673309326172
2020-07-01,38.220157623291016,112.93206787109375
2020-07-02,38.271324157714844,113.3501205444336
2020-07-06,38.56977462768555,113.73406982421875
2020-07-07,38.55271911621094,113.96446228027344
2020-07-08,38.43334197998047,114.51902770996094
2020-07-09,37.444156646728516,113.23067474365234
2020-07-10,38.50156021118164,114.72383117675781
2020-07-13,38.586830139160156,115.10777282714844
2020-07-14,39.11553192138672,115.62824249267578
2020-07-15,39.56749725341797,114.06683349609375
2020-07-16,39.35430145263672,114.22895812988281
2020-07-17,39.9256477355957,114.89446258544922
2020-07-20,39.3287239074707,113.57196807861328
2020-07-21,40.24968719482422,114.69821166992188
2020-07-22,41.341209411621094,116.04627227783203
2020-07-23,41.170658111572266,116.9592514038086
2020-07-24,41.349735260009766,116.08898162841797
2020-07-27,41.341209411621094,117.46261596679688
2020-07-28,41.08538055419922,117.2151870727539
2020-07-29,40.948944091796875,117.68446350097656
2020-07-30,40.66753387451172,117.4797134399414
2020-07-31,40.28379440307617,117.45408630371094
2020-08-03,39.48222351074219,116.635009765625
2020-08-04,39.81479263305664,117.29202270507812
2020-08-05,40.26675033569336,116.25108337402344
2020-08-06,40.488460540771484,115.91832733154297
2020-08-07,40.76133346557617,116.66915893554688
2020-08-10,40.693115234375,116.02070617675781
2020-08-11,40.8721923828125,115.28692626953125
2020-08-12,41.2985725402832,117.57357788085938
2020-08-13,41.25593566894531,117.82952880859375
2020-08-14,41.31562423706055,117.36880493164062
2020-08-17,41.1109733581543,117.67593383789062
2020-08-18,41.290035247802734,117.8380355834961
2020-08-19,40.394657135009766,116.42172241210938
2020-08-20,40.37760543823242,116.65206146240234
2020-08-21,40.31790542602539,116.43025970458984
2020-08-24,40.90630340576172,117.43704986572266
2020-08-25,40.85514450073242,117.14695739746094
2020-08-26,41.06831741333008,118.14519500732422
2020-08-27,41.12801742553711,118.0854721069336
2020-08-28,42.49241638183594,119.39944458007812
2020-08-31,42.236602783203125,119.50183868408203
2020-09-01,41.88697052001953,118.75953674316406
2020-09-02,43.65215301513672,122.25773620605469
2020-09-03,43.046695709228516,119.76820373535156
2020-09-04,43.52424240112305,119.24397277832031
2020-09-08,42.47536849975586,116.48546600341797
2020-09-09,42.799400329589844,117.82604217529297
2020-09-10,42.63737869262695,115.80656433105469
2020-09-11,43.54130172729492,116.70887756347656
2020-09-14,43.592872619628906,117.44790649414062
2020-09-15,43.88515853881836,116.54560852050781
2020-09-16,43.661643981933594,115.9956283569336
2020-09-17,43.4553337097168,114.4659423828125
2020-09-18,43.36936569213867,112.97927856445312
2020-09-21,42.200233459472656,112.7816390991211
2020-09-22,42.69023895263672,113.56365203857422
2020-09-23,41.44375228881836,112.57539367675781
2020-09-24,41.86497497558594,113.07383728027344
2020-09-25,41.882164001464844,114.7667465209961
2020-09-28,42.36357116699219,118.56510162353516
2020-09-29,42.054100036621094,117.8690185546875
2020-09-30,42.44094467163086,119.10649108886719
2020-10-01,42.27760314941406,120.9970703125
2020-10-02,42.43233871459961,118.64241790771484
2020-10-05,42.44953536987305,118.53068542480469
2020-10-06,42.071292877197266,116.61434936523438
2020-10-07,42.604278564453125,117.74011993408203
2020-10-08,43.377960205078125,118.46199035644531
2020-10-09,43.6788444519043,118.96900177001953
2020-10-12,43.91954040527344,122.14004516601562
2020-10-13,43.17164611816406,123.35169219970703
2020-10-14,43.0856819152832,122.47514343261719
2020-10-15,42.97392654418945,121.5384292602539
2020-10-16,43.008304595947266,121.79624938964844
2020-10-19,42.65585708618164,120.03459930419922
2020-10-20,43.19744110107422,120.06037902832031
2020-10-21,42.97392654418945,119.96583557128906
2020-10-22,43.56708908081055,119.97444152832031
2020-10-23,43.429542541503906,119.93146514892578
2020-10-26,42.81058883666992,118.64241790771484
2020-10-27,42.89656066894531,119.5533676147461
2020-10-28,41.22883224487305,115.29954528808594
2020-10-29,41.28041076660156,115.14486694335938
2020-10-30,41.31480407714844,114.54329681396484
2020-11-02,41.79619216918945,116.1417236328125
2020-11-03,42.42374801635742,117.7658920288086
2020-11-04,42.26900863647461,118.47056579589844
2020-11-05,42.50111389160156,118.63387298583984
2020-11-06,42.50971984863281,118.91744995117188
2020-11-09,45.19181823730469,118.97756958007812
2020-11-10,46.403926849365234,121.78765106201172
2020-11-11,46.06007385253906,123.66104888916016
2020-11-12,45.570068359375,123.60950469970703
2020-11-13,45.948326110839844,124.35714721679688
2020-11-16,46.29217529296875,125.25944519042969
2020-11-17,46.14603042602539,124.81261444091797
2020-11-18,45.22621154785156,123.21420288085938
2020-11-19,45.67322540283203,123.16263580322266
2020-11-20,45.27779769897461,123.24857330322266
2020-11-23,45.28638458251953,122.90481567382812
2020-11-24,45.7505989074707,123.77278137207031
2020-11-25,45.50130081176758,123.88447570800781
2020-11-27,45.3035888671875,124.26258850097656
2020-11-30,44.70576477050781,123.94464111328125
2020-12-01,45.086978912353516,125.52587890625
2020-12-02,45.14763259887695,124.27976989746094
2020-12-03,45.728111267089844,125.0180435180664
2020-12-04,46.65514373779297,126.22972869873047
2020-12-07,45.91004943847656,125.8143081665039
2020-12-08,46.074668884277344,125.94410705566406
2020-12-09,46.20462417602539,126.09125518798828
2020-12-10,45.96204376220703,125.20845794677734
2020-12-11,46.221954345703125,125.46809387207031
2020-12-14,46.15263748168945,124.82762908935547
2020-12-15,46.646480560302734,125.29500579833984
2020-12-16,45.970703125,125.39884185791016
2020-12-17,46.15263748168945,126.1085433959961
2020-12-18,46.559852600097656,127.16441345214844
2020-12-21,45.75410079956055,125.84024810791016
2020-12-22,45.71078109741211,124.64588928222656
2020-12-23,45.98802947998047,124.98340606689453
2020-12-24,46.2999267578125,125.54598236083984
2020-12-28,46.923736572265625,127.14714050292969
2020-12-29,46.89774703979492,127.58851623535156
2020-12-30,47.166324615478516,127.49330139160156
2020-12-31,47.51287841796875,128.35015869140625
2021-01-04,45.71078109741211,124.86225891113281
2021-01-05,45.20827865600586,125.23441314697266
2021-01-06,43.77007293701172,123.70252990722656
2021-01-07,43.284881591796875,123.3044204711914
2021-01-08,44.2552490234375,124.78438568115234
2021-01-11,43.49283218383789,122.97550964355469
2021-01-12,43.41484832763672,122.40428161621094
2021-01-13,43.458168029785156,123.40824890136719
2021-01-14,42.65242004394531,122.68989562988281
2021-01-15,42.193233489990234,122.36972045898438
2021-01-19,42.028621673583984,122.94955444335938
2021-01-20,42.175899505615234,122.31776428222656
2021-01-21,42.40983963012695,120.82915496826172
2021-01-22,42.01130294799805,119.94636535644531
2021-01-25,42.262542724609375,121.32245635986328
2021-01-26,42.70441436767578,122.72455596923828
2021-01-27,42.04594802856445,119.4703369140625
2021-01-28,42.583106994628906,120.46565246582031
2021-01-29,41.71672439575195,118.19808197021484
2021-02-01,42.00263214111328,118.55293273925781
2021-02-02,42.418495178222656,119.7646255493164
2021-02-03,42.25388717651367,119.45304870605469
2021-02-04,42.46181106567383,120.8897476196289
2021-02-05,43.01631164550781,121.99752807617188
2021-02-08,43.25022888183594,121.51285552978516
2021-02-09,43.059627532958984,120.82048034667969
2021-02-10,42.972984313964844,119.17610931396484
2021-02-11,43.5794677734375,116.81333923339844
2021-02-12,43.9173469543457,115.8613052368164
2021-02-16,43.553470611572266,116.30270385742188
2021-02-17,43.432167053222656,116.37195587158203
2021-02-18,43.986663818359375,117.1595230102539
2021-02-19,43.41484832763672,114.68427276611328
2021-02-22,43.86537551879883,114.23424530029297
2021-02-23,43.78740692138672,114.91793060302734
2021-02-24,43.9346809387207,114.32076263427734
2021-02-25,43.466827392578125,112.51190948486328
2021-02-26,42.44449996948242,111.81088256835938
2021-03-01,43.23291015625,113.04851531982422
2021-03-02,43.40618133544922,113.43797302246094
2021-03-03,43.30221939086914,111.76759338378906
2021-03-04,43.267555236816406,112.3896255493164
2021-03-05,44.00398635864258,116.05365753173828
2021-03-08,44.74042892456055,115.26850128173828
2021-03-09,44.06464385986328,115.37319946289062
2021-03-10,44.567142486572266,116.53346252441406
2021-03-11,44.08197021484375,116.21940612792969
2021-03-12,43.994606018066406,116.06236267089844
2021-03-15,44.579917907714844,116.05365753173828
2021-03-16,44.745906829833984,116.9085693359375
2021-03-17,44.76337814331055,116.56834411621094
2021-03-18,44.17805862426758,115.6174545288086
2021-03-19,44.38773727416992,117.3360595703125
2021-03-22,44.5537109375,120.21491241455078
2021-03-23,44.89441680908203,121.66309356689453
2021-03-24,45.007991790771484,121.09602355957031
2021-03-25,45.444793701171875,121.8114013671875
2021-03-26,46.33585739135742,124.4896240234375
2021-03-29,47.04347610473633,126.33036041259766
2021-03-30,46.43196105957031,124.35002136230469
2021-03-31,46.04757308959961,123.3991470336914
2021-04-01,45.87285232543945,123.25083923339844
2021-04-05,46.13493347167969,124.89095306396484
2021-04-06,46.46689987182617,125.3358154296875
2021-04-07,46.545528411865234,125.1090087890625
2021-04-08,46.40574645996094,124.35002136230469
2021-04-09,46.45816421508789,124.37622833251953
2021-04-12,46.6066780090332,124.76876831054688
2021-04-13,46.379539489746094,124.79495239257812
2021-04-14,46.37080764770508,123.97492980957031
2021-04-15,46.589202880859375,124.14936065673828
2021-04-16,46.89495849609375,125.76329803466797
2021-04-19,47.17451477050781,126.27802276611328
2021-04-20,47.323028564453125,127.11550903320312
2021-04-21,47.7074089050293,128.22344970703125
2021-04-22,47.55891036987305,127.42958068847656
2021-04-23,47.58511734008789,127.22019958496094
2021-04-26,46.87748718261719,125.0654067993164
2021-04-27,46.80760955810547,124.65538024902344
2021-04-28,46.816349029541016,123.73068237304688
2021-04-29,47.40165328979492,125.5713882446289
2021-04-30,47.15704345703125,125.76329803466797
2021-05-03,47.59384536743164,127.1852798461914
2021-05-04,47.296817779541016,125.58883666992188
2021-05-05,47.17451477050781,125.52776336669922
2021-05-06,47.64625930786133,126.98464965820312
2021-05-07,47.620059967041016,126.98464965820312
2021-05-10,47.96949768066406,127.99664306640625
2021-05-11,47.454063415527344,127.06315612792969
2021-05-12,47.20945739746094,125.8243637084961
2021-05-13,47.620059967041016,127.6912841796875
2021-05-14,47.812252044677734,127.8831787109375
2021-05-17,47.733619689941406,127.51679229736328
2021-05-18,47.47154235839844,126.9410171508789
2021-05-19,47.323028564453125,126.87124633789062
2021-05-20,47.74235916137695,128.4415283203125
2021-05-21,47.71615219116211,128.32814025878906
2021-05-24,47.8734016418457,128.98245239257812
2021-05-25,47.86466979980469,129.37501525878906
2021-05-26,48.07432556152344,129.37501525878906
2021-05-27,48.4761848449707,127.81340789794922
2021-05-28,48.30146408081055,129.06092834472656
2021-06-01,48.29273223876953,128.79051208496094
2021-06-02,48.484920501708984,129.30517578125
2021-06-03,48.60723114013672,129.7665557861328
2021-06-04,49.13138198852539,129.91595458984375
2021-06-07,48.95668029785156,129.8368377685547
2021-06-08,48.615962982177734,128.6241455078125
2021-06-09,48.46746063232422,128.38690185546875
2021-06-10,48.84309387207031,129.7050323486328
2021-06-11,49.06149673461914,129.7841339111328
2021-06-14,48.894264221191406,130.5574493408203
2021-06-15,48.771034240722656,130.5662078857422
2021-06-16,48.11970520019531,129.2656707763672
2021-06-17,48.36614990234375,130.5134735107422
2021-06-18,47.32752990722656,127.78933715820312
2021-06-21,47.84685134887695,128.79110717773438
2021-06-22,48.02288818359375,128.98448181152344
2021-06-23,47.635597229003906,127.2884521484375
2021-06-24,47.873252868652344,128.009033203125
2021-06-25,47.8116340637207,128.65927124023438
2021-06-28,47.758827209472656,129.2129364013672
2021-06-29,47.40675354003906,129.12506103515625
2021-06-30,47.626800537109375,130.2059326171875
2021-07-01,47.49477005004883,130.23231506347656
2021-07-02,47.688419342041016,130.85623168945312
2021-07-06,47.424354553222656,131.04953002929688
2021-07-07,47.8116340637207,131.62953186035156
2021-07-08,47.644412994384766,131.69107055664062
2021-07-09,47.93486785888672,131.35714721679688
2021-07-12,47.95246505737305,131.3834686279297
2021-07-13,48.42776870727539,134.4152069091797
2021-07-14,49.519203186035156,135.80360412597656
2021-07-15,49.677635192871094,136.4275360107422
2021-07-16,49.642417907714844,136.928466796875
2021-07-19,49.05270004272461,136.910888671875
2021-07-20,49.14071273803711,136.928466796875
2021-07-21,49.77444839477539,136.4187774658203
2021-07-22,49.704036712646484,136.37486267089844
2021-07-23,50.1793327331543,138.12355041503906
2021-07-26,50.22334671020508,138.0269317626953
2021-07-27,50.399383544921875,138.79139709472656
2021-07-28,49.941688537597656,137.51722717285156
2021-07-29,50.214542388916016,137.79844665527344
2021-07-30,50.196937561035156,137.9214630126953
2021-08-02,50.064910888671875,137.36782836914062
2021-08-03,50.10011291503906,137.6753692626953
2021-08-04,49.378360748291016,135.37306213378906
2021-08-05,49.730438232421875,135.6015167236328
2021-08-06,49.85366439819336,135.61907958984375
2021-08-09,49.86247634887695,135.6366729736328
2021-08-10,49.99449920654297,135.7069854736328
2021-08-11,49.932891845703125,136.2430419921875
2021-08-12,50.02970504760742,136.26939392089844
2021-08-13,50.37297439575195,137.5435791015625
2021-08-16,50.593021392822266,138.8881072998047
2021-08-17,50.41697692871094,138.75628662109375
2021-08-18,49.730438232421875,137.3326873779297
2021-08-19,50.04730987548828,139.6438446044922
2021-08-20,49.85366439819336,139.15171813964844
2021-08-23,49.677635192871094,138.7123260498047
2021-08-24,49.29914855957031,136.9899444580078
2021-08-25,49.351959228515625,136.3836212158203
2021-08-26,48.885459899902344,135.8827362060547
2021-08-27,48.98228454589844,136.1551513671875
2021-08-30,49.448787689208984,137.0866241455078
2021-08-31,49.56321334838867,137.42935180664062
2021-09-01,49.897674560546875,138.7650909423828
2021-09-02,49.968101501464844,138.8668212890625
2021-09-03,49.932891845703125,138.99069213867188
2021-09-07,48.9998893737793,136.7256317138672
2021-09-08,49.660030364990234,138.66329956054688
2021-09-09,49.16712188720703,137.78733825683594
2021-09-10,48.94707489013672,137.5485076904297
2021-09-13,49.351959228515625,137.81390380859375
2021-09-14,49.387428283691406,137.27418518066406
2021-09-15,49.55592727661133,138.04397583007812
2021-09-16,49.08591079711914,137.636962890625
2021-09-17,48.27890396118164,136.37173461914062
2021-09-20,47.9419059753418,135.91163635253906
2021-09-21,47.93303298950195,135.84967041015625
2021-09-22,48.00398635864258,136.26553344726562
2021-09-23,47.92416763305664,136.37173461914062
2021-09-24,47.791141510009766,136.43368530273438
2021-09-27,47.54283142089844,135.12417602539062
2021-09-28,46.68260955810547,133.6466064453125
2021-09-29,46.96638870239258,134.75259399414062
2021-09-30,46.5318489074707,133.08033752441406
2021-10-01,47.01959991455078,133.55809020996094
2021-10-04,46.99299621582031,132.89453125
2021-10-05,47.07281494140625,133.6819610595703
2021-10-06,47.63151168823242,137.10614013671875
2021-10-07,47.78227996826172,138.371337890625
2021-10-08,47.99510955810547,138.05282592773438
2021-10-11,48.09267044067383,138.23861694335938
2021-10-12,48.09267044067383,138.84912109375
2021-10-13,48.101539611816406,139.7869873046875
2021-10-14,48.42966079711914,140.91067504882812
2021-10-15,48.31437683105469,140.5124969482422
2021-10-18,47.835479736328125,139.8754425048828
2021-10-19,48.021724700927734,141.65390014648438
2021-10-20,48.4473991394043,142.7244415283203
2021-10-21,48.19908905029297,140.8398895263672
2021-10-22,48.28776168823242,141.53887939453125
2021-10-25,48.09267044067383,140.87525939941406
2021-10-26,48.30550765991211,142.6005859375
2021-10-27,49.23667526245117,142.10511779785156
2021-10-28,49.69783401489258,142.998779296875
2021-10-29,49.990478515625,142.98104858398438
2021-11-01,49.81310272216797,142.68020629882812
2021-11-02,49.75102615356445,143.98968505859375
2021-11-03,49.91954040527344,145.37001037597656
2021-11-04,50.19444274902344,145.37881469726562
2021-11-05,50.407291412353516,146.87411499023438
2021-11-08,49.95500183105469,143.71539306640625
2021-11-09,50.09689712524414,144.6710205078125
2021-11-10,50.30086135864258,145.1399383544922
2021-11-11,50.318603515625,143.94546508789062
2021-11-12,50.203311920166016,143.9100799560547
2021-11-15,50.21218490600586,144.92758178710938
2021-11-16,49.85745620727539,144.49403381347656
2021-11-17,49.58253479003906,144.54713439941406
2021-11-18,49.139122009277344,144.59136962890625
2021-11-19,48.890811920166016,144.93646240234375
2021-11-22,49.19233322143555,145.2372589111328
2021-11-23,49.55592727661133,146.2104949951172
2021-11-24,49.1568603515625,144.87451171875
2021-11-26,47.64925003051758,142.57406616210938
2021-11-29,48.40305709838867,145.2283935546875
2021-11-30,46.874820709228516,141.37074279785156
2021-12-01,46.740760803222656,141.7069549560547
2021-12-02,47.428924560546875,143.07427978515625
2021-12-03,47.848960876464844,146.71749877929688
2021-12-06,49.073341369628906,148.24070739746094
2021-12-07,49.34144592285156,148.07144165039062
2021-12-08,49.15377426147461,148.3297882080078
2021-12-09,49.02865219116211,148.14271545410156
2021-12-10,50.297706604003906,150.5121612548828
2021-12-13,51.620384216308594,151.2604217529297
2021-12-14,51.6561393737793,150.88626098632812
2021-12-15,51.88850402832031,152.828125
2021-12-16,52.41579055786133,153.0508270263672
2021-12-17,51.59358596801758,149.91534423828125
2021-12-20,51.42377853393555,150.91302490234375
2021-12-21,51.62933349609375,150.46762084960938
2021-12-22,51.99574279785156,151.4029541015625
2021-12-23,52.0315055847168,151.2336883544922
2021-12-27,52.41579055786133,152.73902893066406
2021-12-28,52.62134552001953,153.53182983398438
2021-12-29,52.68389892578125,154.07522583007812
2021-12-30,52.5319709777832,153.8079833984375
2021-12-31,52.916263580322266,154.734375
2022-01-03,52.99669647216797,154.0841064453125
2022-01-04,53.8814697265625,154.30679321289062
2022-01-05,54.32831954956055,154.83236694335938
2022-01-06,54.04233169555664,154.86798095703125
2022-01-07,53.917213439941406,155.0639190673828
2022-01-10,54.006587982177734,155.1441192626953
2022-01-11,54.02445983886719,155.07286071777344
2022-01-12,54.104896545410156,154.9036102294922
2022-01-13,54.426631927490234,155.15304565429688
2022-01-14,54.86454391479492,156.45355224609375
2022-01-18,54.426631927490234,154.95709228515625
2022-01-19,54.5159912109375,156.0705108642578
2022-01-20,54.29257583618164,154.93923950195312
2022-01-21,54.02445983886719,155.1886444091797
2022-01-24,53.5865364074707,154.39588928222656
2022-01-25,53.46142578125,152.62327575683594
2022-01-26,53.26480484008789,151.01095581054688
2022-01-27,53.309505462646484,150.8684844970703
2022-01-28,54.373008728027344,153.8079833984375
2022-01-31,54.524932861328125,154.5651397705078
2022-02-01,54.12276840209961,153.51402282714844
2022-02-02,54.67686080932617,156.30209350585938
2022-02-03,55.0611572265625,156.2130584716797
2022-02-04,54.48025131225586,153.6476593017578
2022-02-07,55.052215576171875,153.0419158935547
2022-02-08,55.40971374511719,153.22898864746094
2022-02-09,54.55173873901367,153.15771484375
2022-02-10,54.85560989379883,149.97767639160156
2022-02-11,53.8814697265625,150.1647491455078
2022-02-14,54.23001480102539,148.49014282226562
2022-02-15,54.4355583190918,147.83096313476562
2022-02-16,54.426631927490234,148.13381958007812
2022-02-17,55.516944885253906,148.53466796875
2022-02-18,55.892303466796875,149.38980102539062
2022-02-22,55.659934997558594,149.95989990234375
2022-02-23,55.04328918457031,148.48121643066406
2022-02-24,54.078067779541016,145.89801025390625
2022-02-25,56.169349670410156,149.9866180419922
2022-02-28,55.62419509887695,145.85348510742188
2022-03-01,55.38288879394531,144.5440673828125
2022-03-02,55.79399871826172,146.54827880859375
2022-03-03,55.82974624633789,146.39134216308594
2022-03-04,55.91911697387695,148.61495971679688
2022-03-07,54.587501525878906,145.65609741210938
2022-03-08,52.424720764160156,141.54957580566406
2022-03-09,52.69282913208008,141.12820434570312
2022-03-10,51.72764205932617,138.5369415283203
2022-03-11,51.76338577270508,137.8375701904297
2022-03-14,52.71795654296875,139.77427673339844
2022-03-15,53.69055938720703,142.56275939941406
2022-03-16,53.546470642089844,143.1904296875
2022-03-17,54.11381530761719,144.30221557617188
2022-03-18,54.1228141784668,145.96095275878906
2022-03-21,54.55508041381836,145.75474548339844
2022-03-22,54.753204345703125,147.35072326660156
2022-03-23,54.39298629760742,146.57962036132812
2022-03-24,54.9152946472168,147.46728515625
2022-03-25,55.41060256958008,148.15768432617188
2022-03-28,55.761802673339844,148.59706115722656
2022-03-29,55.97793960571289,150.80276489257812
2022-03-30,56.0229606628418,150.59649658203125
2022-03-31,55.833858489990234,150.07647705078125
2022-04-01,56.61732864379883,152.2104034423828
2022-04-04,56.32014846801758,151.81593322753906
2022-04-05,56.25711441040039,151.977294921875
2022-04-06,56.8244514465332,154.5685577392578
2022-04-07,57.130638122558594,154.7119903564453
2022-04-08,57.48185348510742,155.23204040527344
2022-04-11,57.46384048461914,154.75680541992188
2022-04-12,58.13924789428711,155.38442993164062
2022-04-13,58.292354583740234,155.115478515625
2022-04-14,58.553504943847656,154.12918090820312
2022-04-18,58.03118896484375,152.8021697998047
2022-04-19,58.59852981567383,155.02581787109375
2022-04-20,59.4000129699707,157.3301239013672
2022-04-21,59.625160217285156,156.76524353027344
2022-04-22,58.7606315612793,154.3533477783203
2022-04-25,59.38200378417969,155.7789764404297
2022-04-26,58.58051681518555,155.38442993164062
2022-04-27,59.0398063659668,156.7742462158203
2022-04-28,59.60713577270508,159.1502685546875
2022-04-29,58.18427276611328,153.95884704589844
2022-05-02,57.130638122558594,150.4171905517578
2022-05-03,56.80644226074219,150.62342834472656
2022-05-04,58.5625114440918,155.88656616210938
2022-05-05,58.09423065185547,152.77529907226562
2022-05-06,58.30134963989258,152.793212890625
2022-05-09,58.18427276611328,153.94985961914062
2022-05-10,57.64395523071289,153.76158142089844
2022-05-11,57.91411209106445,153.0173797607422
2022-05-12,58.09423065185547,152.78428649902344
2022-05-13,59.18388748168945,155.7610626220703
2022-05-16,59.4000129699707,157.3301239013672
2022-05-17,59.237918853759766,156.42453002929688
2022-05-18,55.11341094970703,146.73208618164062
2022-05-19,54.03275680541992,144.5353546142578
2022-05-20,54.9152946472168,145.44093322753906
2022-05-23,56.60831832885742,148.48045349121094
2022-05-24,57.652957916259766,150.47096252441406
2022-05-25,57.6979866027832,151.50210571289062
2022-05-26,57.90510940551758,152.5242156982422
2022-05-27,58.2473258972168,154.01263427734375
2022-05-31,57.076602935791016,150.40821838378906
2022-06-01,56.79743576049805,149.27847290039062
2022-06-02,57.39179992675781,150.48829650878906
2022-06-03,56.7073860168457,148.8360595703125
2022-06-06,56.61732864379883,149.45904541015625
2022-06-07,56.959529876708984,150.37997436523438
2022-06-08,56.635337829589844,149.63058471679688
2022-06-09,55.653743743896484,146.96713256835938
2022-06-10,55.302528381347656,146.73240661621094
2022-06-13,55.23948669433594,144.2224884033203
2022-06-14,53.72471618652344,140.9541015625
2022-06-15,54.123817443847656,142.46188354492188
2022-06-16,53.57958984375,141.77574157714844
2022-06-17,53.906124114990234,141.80279541015625
2022-06-21,55.05808639526367,145.09825134277344
2022-06-22,55.46625518798828,146.29000854492188
2022-06-23,56.1284065246582,148.15892028808594
2022-06-24,57.18059539794922,149.99176025390625
2022-06-27,57.06266784667969,150.19036865234375
2022-06-28,56.49122619628906,148.0776824951172
2022-06-29,56.89939880371094,150.53346252441406
2022-06-30,57.06266784667969,150.4702606201172
2022-07-01,58.39603805541992,152.93504333496094
2022-07-05,57.39828109741211,152.59194946289062
2022-07-06,57.51620101928711,154.1177978515625
2022-07-07,57.06266784667969,153.81082153320312
2022-07-08,57.27129364013672,155.1831817626953
2022-07-11,57.089874267578125,153.91014099121094
2022-07-12,56.844970703125,153.0343780517578
2022-07-13,56.581932067871094,153.57608032226562
2022-07-14,56.40052032470703,154.37059020996094
2022-07-15,56.69077682495117,154.49700927734375
2022-07-18,55.91978454589844,151.9148406982422
2022-07-19,56.71799087524414,153.5399627685547
2022-07-20,55.783721923828125,151.9148406982422
2022-07-21,55.65674591064453,152.1405487060547
2022-07-22,55.865360260009766,153.13363647460938
2022-07-25,56.40959167480469,153.3503875732422
2022-07-26,57.33478927612305,155.13803100585938
2022-07-27,57.15336990356445,154.9213409423828
2022-07-28,58.10577392578125,157.85560607910156
2022-07-29,58.20555114746094,157.96395874023438
2022-08-01,58.52301788330078,159.76063537597656
2022-08-02,57.72481918334961,158.44248962402344
2022-08-03,57.97879409790039,159.65231323242188
2022-08-04,57.752017974853516,158.78555297851562
2022-08-05,57.48897933959961,157.59381103515625
2022-08-08,57.11709213256836,156.96177673339844
2022-08-09,57.18965530395508,157.54864501953125
2022-08-10,57.733890533447266,158.84881591796875
2022-08-11,57.34385299682617,158.0361785888672
2022-08-12,57.77924728393555,160.10372924804688
2022-08-15,58.5048828125,161.8643035888672
2022-08-16,58.98562240600586,162.8032989501953
2022-08-17,58.84955978393555,162.71299743652344
2022-08-18,59.157958984375,162.87550354003906
2022-08-19,59.11260223388672,162.66786193847656
2022-08-22,58.232757568359375,161.1149444580078
2022-08-23,58.29624938964844,161.04270935058594
2022-08-24,58.377899169921875,161.84625244140625
2022-08-25,58.659088134765625,161.8553009033203
2022-08-26,57.24407196044922,158.0361785888672
2022-08-29,56.89939880371094,157.53964233398438
2022-08-30,56.37331008911133,156.1853485107422
2022-08-31,55.974205017089844,155.53529357910156
2022-09-01,56.23725509643555,157.10772705078125
2022-09-02,55.46625518798828,155.11715698242188
2022-09-06,55.49346923828125,154.0718994140625
2022-09-07,56.5184440612793,157.47128295898438
2022-09-08,56.34609603881836,156.94410705566406
2022-09-09,56.52751159667969,157.4440460205078
2022-09-12,56.69077682495117,158.0620574951172
2022-09-13,54.849456787109375,152.16317749023438
2022-09-14,55.13972091674805,153.3175048828125
2022-09-15,54.390506744384766,150.7725067138672
2022-09-16,54.39965057373047,151.76324462890625
2022-09-19,54.810791015625,153.3629608154297
2022-09-20,54.72856521606445,153.53564453125
2022-09-21,54.2717399597168,153.0993194580078
2022-09-22,54.14381408691406,153.24478149414062
2022-09-23,53.540794372558594,153.1720733642578
2022-09-26,52.87382507324219,153.1084442138672
2022-09-27,51.51246643066406,150.89065551757812
2022-09-28,52.060665130615234,153.3084259033203
2022-09-29,51.686065673828125,151.43605041503906
2022-09-30,51.18354797363281,148.39111328125
2022-10-03,51.759151458740234,150.19985961914062
2022-10-04,51.877925872802734,151.89048767089844
2022-10-05,51.38455581665039,150.8815460205078
2022-10-06,50.27901077270508,147.97303771972656
2022-10-07,49.80391311645508,146.89138793945312
2022-10-10,49.694271087646484,147.08229064941406
2022-10-11,49.77649688720703,147.78213500976562
2022-10-12,50.379520416259766,153.96282958984375
2022-10-13,51.04649353027344,158.70742797851562
2022-10-14,50.23333740234375,154.68997192382812
2022-10-17,50.88203430175781,156.99862670898438
2022-10-18,51.567283630371094,159.116455078125
2022-10-19,51.128726959228516,157.57127380371094
2022-10-20,50.324703216552734,155.8443145751953
2022-10-21,51.128726959228516,157.298583984375
2022-10-24,52.59972381591797,161.49783325195312
2022-10-25,53.86058807373047,162.03408813476562
2022-10-26,54.262603759765625,162.76124572753906
2022-10-27,54.390506744384766,162.5885467529297
2022-10-28,55.514320373535156,165.63340759277344
2022-10-31,54.68288040161133,165.04263305664062
2022-11-01,54.49101257324219,164.2972869873047
2022-11-02,53.7326774597168,162.00680541992188
2022-11-03,53.70526123046875,161.58872985839844
2022-11-04,54.14381408691406,162.49766540527344
2022-11-07,54.353965759277344,163.7974090576172
2022-11-08,54.45446014404297,164.25184631347656
2022-11-09,53.696128845214844,162.28860473632812
2022-11-10,55.62397003173828,165.1517333984375
2022-11-11,56.025970458984375,161.83412170410156
2022-11-14,55.486907958984375,160.63436889648438
2022-11-15,55.395545959472656,161.0524444580078
2022-11-16,55.295040130615234,162.08859252929688
2022-11-17,55.468631744384766,163.63380432128906
2022-11-18,55.86151885986328,164.8153839111328
2022-11-21,56.72035598754883,167.98756408691406
2022-11-22,56.96705627441406,168.00572204589844
2022-11-23,57.22288131713867,168.22384643554688
2022-11-25,57.2776985168457,167.3422088623047
2022-11-28,57.286834716796875,167.14224243164062
2022-11-29,57.0858268737793,165.96063232421875
2022-11-30,58.530452728271484,168.61471557617188
2022-12-01,58.696075439453125,170.0231475830078
2022-12-02,59.21135711669922,169.8311309814453
2022-12-05,58.401634216308594,167.48060607910156
2022-12-06,58.3740234375,166.1178741455078
2022-12-07,58.46603775024414,166.62086486816406
2022-12-08,58.7144775390625,168.084228515625
2022-12-09,58.09798049926758,167.4623260498047
2022-12-12,58.86170959472656,168.25804138183594
2022-12-13,58.88011169433594,168.1665802001953
2022-12-14,58.88011169433594,167.70010375976562
2022-12-15,58.070377349853516,164.85572814941406
2022-12-16,57.7391242980957,164.93801879882812
2022-12-19,57.82193374633789,165.85263061523438
2022-12-20,57.77593231201172,165.75201416015625
2022-12-21,58.705284118652344,166.91360473632812
2022-12-22,58.28200912475586,165.62399291992188
2022-12-23,58.72367858886719,166.69406127929688
2022-12-27,59.08253860473633,167.4348907470703
2022-12-28,58.49364471435547,166.22763061523438
2022-12-29,58.84330368041992,166.43795776367188
2022-12-30,58.530452728271484,165.23069763183594
2023-01-03,57.923152923583984,164.0874481201172
2023-01-04,57.89554977416992,163.68504333496094
2023-01-05,57.23305130004883,161.9747314453125
2023-01-06,58.33721923828125,165.63314819335938
2023-01-09,57.61030960083008,164.01431274414062
2023-01-10,57.16864013671875,162.6606903076172
2023-01-11,57.0582160949707,162.84359741210938
2023-01-12,56.32209396362305,160.76748657226562
2023-01-13,56.52452850341797,160.2736053466797
2023-01-17,56.75457000732422,161.02359008789062
2023-01-18,55.033905029296875,156.9627685546875
2023-01-19,54.951087951660156,155.1427459716797
2023-01-20,55.2823371887207,155.3713836669922
2023-01-23,55.42035675048828,154.67626953125
2023-01-24,55.714805603027344,156.11219787597656
2023-01-25,56.06446075439453,157.24627685546875
2023-01-26,55.95404052734375,155.6823272705078
2023-01-27,55.65960693359375,155.1335906982422
2023-01-30,55.79762268066406,155.0055389404297
2023-01-31,56.423316955566406,156.41403198242188
2023-02-01,56.432525634765625,156.9078826904297
2023-02-02,55.466365814208984,155.45372009277344
2023-02-03,55.05230712890625,154.67626953125
2023-02-06,55.365150451660156,157.1457061767578
2023-02-07,55.27313232421875,156.9078826904297
2023-02-08,54.951087951660156,156.54205322265625
2023-02-09,54.85906982421875,158.02369689941406
2023-02-10,54.85906982421875,161.151611328125
2023-02-13,55.76081466674805,162.5875244140625
2023-02-14,54.83146667480469,160.75831604003906
2023-02-15,54.83146667480469,160.9778594970703
2023-02-16,54.49101257324219,160.52052307128906
2023-02-17,55.319149017333984,161.22476196289062
2023-02-21,55.02469253540039,161.13333129882812
2023-02-22,55.19032287597656,161.0784454345703
2023-02-23,55.291534423828125,161.25221252441406
2023-02-24,55.06150436401367,160.93212890625
2023-02-27,55.04309844970703,160.88638305664062
2023-02-28,54.75785446166992,158.7096405029297
2023-03-01,54.15976333618164,156.69754028320312
2023-03-02,54.951087951660156,159.58877563476562
2023-03-03,54.69344711303711,159.43222045898438
2023-03-06,55.53998947143555,159.75448608398438
2023-03-07,55.217926025390625,158.96267700195312
2023-03-08,55.24553298950195,159.39540100097656
2023-03-09,54.71184539794922,158.18919372558594
2023-03-10,54.48180389404297,158.40097045898438
2023-03-13,55.033905029296875,159.9478759765625
2023-03-14,55.236331939697266,159.78213500976562
2023-03-15,55.60438537597656,162.6365509033203
2023-03-16,55.910369873046875,162.5260467529297
2023-03-17,55.650753021240234,161.25537109375
2023-03-20,56.18852996826172,163.52047729492188
2023-03-21,55.92890930175781,163.9072265625
2023-03-22,55.678565979003906,162.5260467529297
2023-03-23,55.558021545410156,161.7341766357422
2023-03-24,56.4666862487793,164.901611328125
2023-03-27,56.8839225769043,165.26995849609375
2023-03-28,56.948829650878906,165.21469116210938
2023-03-29,57.35680389404297,166.3564453125
2023-03-30,57.3475341796875,166.50381469726562
2023-03-31,57.51442337036133,167.8573455810547
2023-04-03,57.85749435424805,168.04151916503906
2023-04-04,57.68132019042969,167.44300842285156
2023-04-05,58.22837448120117,169.0911865234375
2023-04-06,58.26545715332031,169.754150390625
2023-04-10,58.126380920410156,168.68603515625
2023-04-11,58.024391174316406,168.42822265625
2023-04-12,58.126380920410156,168.0967254638672
2023-04-13,58.55289840698242,169.7725372314453
2023-04-14,58.46017074584961,168.97145080566406
2023-04-17,58.84032440185547,169.8369903564453
2023-04-18,58.93305206298828,170.1868896484375
2023-04-19,59.044315338134766,170.08563232421875
2023-04-20,59.303932189941406,170.64727783203125
2023-04-21,59.38738250732422,170.720947265625
2023-04-24,59.29466247558594,170.8038330078125
2023-04-25,59.20193862915039,174.68026733398438
2023-04-26,58.92377471923828,173.60296630859375
2023-04-27,59.044315338134766,174.66188049316406
2023-04-28,59.480098724365234,175.76678466796875
2023-05-01,59.61918258666992,176.49417114257812
2023-05-02,59.350284576416016,177.01905822753906
2023-05-03,59.01649856567383,176.95457458496094
2023-05-04,59.08140182495117,178.0595245361328
2023-05-05,59.35955810546875,178.8790283203125
2023-05-08,59.266841888427734,178.03189086914062
2023-05-09,58.775421142578125,178.7593231201172
2023-05-10,58.877418518066406,178.8790283203125
2023-05-11,59.211212158203125,179.8642578125
2023-05-12,59.443016052246094,180.5824432373047
2023-05-15,59.28538513183594,178.8790283203125
2023-05-16,58.6177978515625,178.10556030273438
2023-05-17,58.55289840698242,176.84410095214844
2023-05-18,58.22837448120117,176.3836669921875
2023-05-19,58.256195068359375,176.6415252685547
2023-05-22,57.03227996826172,171.853515625
2023-05-23,56.930294036865234,171.32864379882812
2023-05-24,56.44814682006836,170.24212646484375
2023-05-25,56.01235580444336,169.23849487304688
2023-05-26,55.8732795715332,169.03591918945312
2023-05-30,55.428218841552734,167.22198486328125
2023-05-31,55.31695556640625,167.9033966064453
2023-06-01,55.63220977783203,168.9279327392578
2023-06-02,56.707763671875,170.6618194580078
2023-06-05,56.327606201171875,170.7823486328125
2023-06-06,55.919639587402344,168.34378051757812
2023-06-07,55.83618927001953,166.99932861328125
2023-06-08,55.97526931762695,168.84451293945312
2023-06-09,56.0679931640625,169.0762939453125
2023-06-12,55.82691955566406,168.65904235839844
2023-06-13,56.0494499206543,168.32525634765625
2023-06-14,56.429603576660156,169.8365936279297
2023-06-15,57.205039978027344,172.1916961669922
2023-06-16,57.616119384765625,172.4976806640625
2023-06-20,57.23306655883789,171.82080078125
2023-06-21,57.39189147949219,171.9320831298828
2023-06-22,57.78428649902344,173.7123260498047
2023-06-23,57.17702102661133,172.52549743652344
2023-06-26,57.195701599121094,171.43136596679688
2023-06-27,57.07424545288086,172.66458129882812
2023-06-28,56.54171371459961,170.32801818847656
2023-06-29,56.0745849609375,170.4949493408203
2023-06-30,56.261436462402344,171.73739624023438
2023-07-03,56.597774505615234,172.0897216796875
2023-07-05,57.018184661865234,172.99838256835938
2023-07-06,56.57908248901367,173.0169219970703
2023-07-07,55.831668853759766,169.75314331054688
2023-07-10,55.4112548828125,170.8843536376953
2023-07-11,55.607444763183594,170.58763122558594
2023-07-12,55.90641403198242,169.8365936279297
2023-07-13,56.38288497924805,173.87921142578125
2023-07-14,56.8967399597168,174.5097198486328
2023-07-17,56.81264877319336,172.1175079345703
2023-07-18,56.58842086791992,171.02340698242188
2023-07-19,57.58808898925781,172.70164489746094
2023-07-20,58.28879165649414,175.5203857421875
2023-07-21,58.33549880981445,176.31781005859375
2023-07-24,58.354183197021484,177.02244567871094
2023-07-25,58.15799331665039,177.43043518066406
2023-07-26,58.905399322509766,177.65296936035156
2023-07-27,58.33549880981445,174.80642700195312
2023-07-28,58.372867584228516,176.45684814453125
2023-07-31,57.85902404785156,173.81431579589844
2023-08-01,57.70954513549805,173.22091674804688
2023-08-02,57.88705825805664,174.60244750976562
2023-08-03,57.58808898925781,173.49908447265625
2023-08-04,56.71922302246094,171.16250610351562
2023-08-07,57.167667388916016,173.28579711914062
2023-08-08,56.91542053222656,171.01416015625
2023-08-09,57.04621887207031,170.58763122558594
2023-08-10,56.91542053222656,170.37437438964844
2023-08-11,57.14897918701172,170.6432647705078
2023-08-14,56.8780517578125,170.2538299560547
2023-08-15,56.49500274658203,168.1490936279297
2023-08-16,56.50434875488281,168.01927185058594
2023-08-17,56.62579345703125,165.4601593017578
2023-08-18,56.943443298339844,165.2098388671875
2023-08-21,56.45762634277344,164.16212463378906
2023-08-22,56.11195373535156,162.91036987304688
2023-08-23,56.30814743041992,165.15420532226562
2023-08-24,56.15866470336914,164.28262329101562
2023-08-25,56.420249938964844,166.35958862304688
2023-08-28,56.57908248901367,167.12916564941406
2023-08-29,56.52302551269531,167.75961303710938
2023-08-30,56.49500274658203,167.89874267578125
2023-08-31,55.897071838378906,166.12930297851562
2023-09-01,55.4112548828125,163.7016143798828
2023-09-05,54.953460693359375,162.61849975585938
2023-09-06,54.91609191894531,163.15069580078125
2023-09-07,54.49567413330078,164.7100372314453
2023-09-08,54.49567413330078,164.5886688232422
2023-09-11,55.009521484375,167.0723876953125
2023-09-12,54.46764373779297,166.4561309814453
2023-09-13,54.59843826293945,167.77267456054688
2023-09-14,55.05044937133789,169.21995544433594
2023-09-15,54.5607795715332,167.9220733642578
2023-09-18,54.899776458740234,167.49256896972656
2023-09-19,54.78677749633789,166.5028076171875
2023-09-20,55.031612396240234,166.558837890625
2023-09-21,54.18410873413086,163.7576446533203
2023-09-22,54.24060821533203,163.65493774414062
2023-09-25,53.67559814453125,162.77720642089844
2023-09-26,53.233009338378906,161.08718872070312
2023-09-27,52.68684005737305,158.33267211914062
2023-09-28,52.55500793457031,158.26730346679688
2023-09-29,52.715091705322266,158.2113037109375
2023-10-02,52.2442512512207,157.9591827392578
2023-10-03,51.67924499511719,156.58656311035156
2023-10-04,51.82991409301758,157.71641540527344
2023-10-05,49.32505416870117,149.49024963378906
2023-10-06,50.04072570800781,149.6676483154297
2023-10-09,49.79589080810547,150.666748046875
2023-10-10,50.87881851196289,153.50526428222656
2023-10-11,50.57748031616211,151.84326171875
2023-10-12,49.7299690246582,147.60409545898438
2023-10-13,49.8052978515625,149.39686584472656
2023-10-16,50.313812255859375,150.40530395507812
2023-10-17,50.91648864746094,149.74234008789062
2023-10-18,50.897647857666016,151.29234313964844
2023-10-19,51.18015670776367,149.91973876953125
2023-10-20,51.387325286865234,149.39686584472656
2023-10-23,50.92591094970703,149.47157287597656
2023-10-24,52.394920349121094,151.44175720214844
2023-10-25,52.846920013427734,151.5911407470703
2023-10-26,52.52675247192383,150.71343994140625
2023-10-27,52.01824951171875,149.0420379638672
2023-10-30,52.87517547607422,151.52577209472656
2023-10-31,53.19533920288086,152.45950317382812
2023-11-01,53.148258209228516,153.94412231445312
2023-11-02,53.760345458984375,155.7742462158203
2023-11-03,53.43077087402344,155.7368927001953
2023-11-06,53.64734649658203,155.65284729003906
2023-11-07,53.845096588134766,156.10104370117188
2023-11-08,53.760345458984375,156.297119140625
2023-11-09,53.35542678833008,155.14865112304688
2023-11-10,53.41192626953125,155.8582763671875
2023-11-13,53.60968017578125,156.65196228027344
2023-11-14,53.76976776123047,156.9694366455078
2023-11-15,53.87335205078125,156.16644287109375
2023-11-16,53.81684875488281,156.59591674804688
2023-11-17,53.92042922973633,155.70887756347656
2023-11-20,54.052268981933594,155.4847869873047
2023-11-21,54.64552688598633,156.6799774169922
2023-11-22,55.01277160644531,158.005859375
2023-11-24,55.15402603149414,158.1459197998047
2023-11-27,55.05044937133789,157.16549682617188
2023-11-28,55.163448333740234,157.6697235107422
2023-11-29,54.8338623046875,156.08238220214844
2023-11-30,55.46980667114258,158.33570861816406
2023-12-01,55.659645080566406,158.71205139160156
2023-12-04,55.593196868896484,159.1354522705078
2023-12-05,55.678627014160156,158.00640869140625
2023-12-06,55.62166976928711,157.60183715820312
2023-12-07,55.75456237792969,157.5548095703125
2023-12-08,55.631168365478516,155.8800811767578
2023-12-11,56.0393180847168,157.89352416992188
2023-12-12,56.39999771118164,158.5050506591797
2023-12-13,56.88407897949219,161.83566284179688
2023-12-14,56.0393180847168,158.29808044433594
2023-12-15,55.62166976928711,157.12200927734375
2023-12-18,56.02033233642578,158.91903686523438
2023-12-19,55.83999252319336,158.01580810546875
2023-12-20,54.6819953918457,155.88949584960938
2023-12-21,55.042686462402344,157.0937957763672
2023-12-22,55.35591125488281,157.76177978515625
2023-12-26,55.583709716796875,158.87200927734375
2023-12-27,55.72608947753906,159.3800506591797
2023-12-28,55.7640495300293,159.3706512451172
2023-12-29,55.93490219116211,159.7940216064453
2024-01-02,56.77967071533203,162.68246459960938
2024-01-03,56.91255187988281,162.7200927734375
2024-01-04,56.72271728515625,161.3275909423828
2024-01-05,56.63729476928711,158.947265625
2024-01-08,57.054935455322266,159.10720825195312
2024-01-09,56.950523376464844,157.28195190429688
2024-01-10,57.140357971191406,157.04673767089844
2024-01-11,56.77018356323242,156.30349731445312
2024-01-12,57.32069778442383,157.3760528564453
2024-01-16,56.941036224365234,156.34112548828125
2024-01-17,56.941036224365234,156.5951385498047
2024-01-18,57.102394104003906,157.28195190429688
2024-01-19,56.789161682128906,155.97415161132812
2024-01-22,56.54237747192383,155.3437957763672
2024-01-23,56.80813980102539,157.72415161132812
2024-01-24,55.915916442871094,155.80482482910156
2024-01-25,56.15321350097656,156.70802307128906
2024-01-26,56.352535247802734,157.93113708496094
2024-01-29,56.69424819946289,158.20396423339844
2024-01-30,56.8556022644043,159.5870361328125
2024-01-31,56.46644592285156,158.56150817871094
2024-02-01,57.880714416503906,161.5439910888672
2024-02-02,57.463077545166016,160.857177734375
2024-02-05,56.98849105834961,160.8101348876953
2024-02-06,56.89357376098633,161.28057861328125
2024-02-07,56.941036224365234,161.3275909423828
2024-02-08,56.789161682128906,163.56686401367188
2024-02-09,56.53288650512695,157.7523651123047
2024-02-12,56.665771484375,160.5184783935547
2024-02-13,56.33355712890625,158.89080810546875
2024-02-14,56.276607513427734,157.61126708984375
2024-02-15,56.38102722167969,157.93113708496094
2024-02-16,56.371524810791016,156.48223876953125
2024-02-20,57.61494445800781,158.67440795898438
2024-02-21,58.127498626708984,158.84378051757812
2024-02-22,58.04207229614258,158.29808044433594
2024-02-23,58.089534759521484,159.56822204589844
2024-02-26,57.62443542480469,158.3074951171875
2024-02-27,57.27323913574219,158.21340942382812
2024-02-28,57.3301887512207,157.15023803710938
2024-02-29,56.969505310058594,156.74729919433594
2024-03-01,56.50440216064453,156.0363006591797
2024-03-04,56.77018356323242,156.77574157714844
2024-03-05,56.49491882324219,153.6188201904297
2024-03-06,56.52339553833008,154.52894592285156
2024-03-07,56.418983459472656,154.63320922851562
2024-03-08,56.49491882324219,154.57632446289062
2024-03-11,57.17832565307617,156.16900634765625
2024-03-12,57.42510986328125,155.9888916015625
2024-03-13,58.01359939575195,156.7093963623047
2024-03-14,57.88443374633789,156.2164306640625
2024-03-15,57.29124069213867,156.10267639160156
2024-03-18,57.530433654785156,162.3596649169922
2024-03-19,57.626102447509766,162.87159729003906
2024-03-20,58.123626708984375,162.928466796875
2024-03-21,57.855735778808594,163.48780822753906
2024-03-22,57.87487030029297,163.08016967773438
2024-03-25,57.788761138916016,163.63002014160156
2024-03-26,57.92270278930664,163.75328063964844
2024-03-27,58.39152145385742,164.54962158203125
2024-03-28,58.535037994384766,165.9147491455078
2024-04-01,58.05665588378906,163.99026489257812
2024-04-02,57.5495719909668,162.53030395507812
2024-04-03,57.24340057373047,160.86175537109375
2024-04-04,56.73631286621094,160.8333282470703
2024-04-05,56.93723678588867,160.34983825683594
2024-04-08,56.707611083984375,160.7669677734375
2024-04-09,57.138160705566406,161.74343872070312
2024-04-10,56.37274169921875,160.16970825195312
2024-04-11,56.49712371826172,159.61036682128906
2024-04-12,55.760414123535156,159.3638916015625
2024-04-15,55.62646484375,158.27365112304688
2024-04-16,55.549922943115234,158.79507446289062
2024-04-17,55.98046875,160.6721649169922
2024-04-18,56.3631706237793,163.3171844482422
2024-04-19,57.56869888305664,165.0805206298828
2024-04-22,57.93227005004883,167.28944396972656
2024-04-23,58.01838684082031,162.3217315673828
2024-04-24,58.8890380859375,168.19003295898438
2024-04-25,59.070831298828125,167.49798583984375
2024-04-26,59.070831298828125,166.4551544189453
2024-04-29,59.35785675048828,166.98605346679688
2024-04-30,59.09953308105469,166.7680206298828
2024-05-01,59.25261306762695,166.04750061035156
2024-05-02,59.31001663208008,166.3319091796875
2024-05-03,59.48223876953125,166.99551391601562
2024-05-06,59.654449462890625,166.6826934814453
2024-05-07,59.91278076171875,168.7683563232422
2024-05-08,60.132835388183594,168.19003295898438
2024-05-09,60.16154098510742,168.80625915527344
2024-05-10,60.525115966796875,170.4463653564453
2024-05-13,60.83128356933594,171.49868774414062
2024-05-14,60.37202835083008,170.522216796875
2024-05-15,60.400733947753906,170.13351440429688
2024-05-16,60.582523345947266,173.5938262939453
2024-05-17,60.30506134033203,172.72164916992188
2024-05-20,59.86494445800781,170.9393310546875
2024-05-21,60.190242767333984,171.6693115234375
2024-05-22,60.2763557434082,172.62681579589844
2024-05-23,59.405696868896484,169.95338439941406
2024-05-24,59.31958770751953,168.7399139404297
2024-05-28,59.147369384765625,164.3695068359375
2024-05-29,59.032554626464844,162.25537109375
2024-05-30,59.29088592529297,161.6201934814453
2024-05-31,60.209381103515625,163.91441345214844
2024-06-03,60.209381103515625,162.33120727539062
2024-06-04,61.175716400146484,164.85299682617188
2024-06-05,61.15658187866211,164.47377014160156
2024-06-06,61.37664031982422,164.1988525390625
2024-06-07,61.14701843261719,163.42965698242188
2024-06-10,60.840850830078125,158.5183563232422
2024-06-11,60.802574157714844,157.7252960205078
2024-06-12,60.16154098510742,156.54046630859375
2024-06-13,60.26679229736328,156.06271362304688
2024-06-14,60.3101692199707,156.52134704589844
2024-06-17,60.377662658691406,158.74769592285156
2024-06-18,60.38731002807617,159.0725555419922
2024-06-20,59.953426361083984,159.26365661621094
2024-06-21,60.52229690551758,159.83697509765625
2024-06-24,61.67932891845703,160.6013641357422
2024-06-25,61.553977966308594,159.90383911132812
2024-06-26,61.75646209716797,159.3209991455078
2024-06-27,61.62147521972656,158.86233520507812
2024-06-28,61.37078857421875,157.59152221679688
2024-07-01,61.01403045654297,155.64230346679688
2024-07-02,60.88868713378906,156.30160522460938
2024-07-03,61.0622444152832,155.36520385742188
2024-07-05,61.476844787597656,157.07554626464844
2024-07-08,60.70549011230469,154.9065399169922
2024-07-09,60.44516372680664,154.6963348388672
2024-07-10,60.58015441894531,156.31114196777344
2024-07-11,60.840476989746094,156.65513610839844
2024-07-12,61.41899490356445,158.9770050048828
2024-07-15,61.13937759399414,156.5691375732422
2024-07-16,61.96858215332031,157.42909240722656
2024-07-17,62.87492370605469,162.33082580566406
2024-07-18,62.85564041137695,162.78945922851562
2024-07-19,62.95206069946289,161.82440185546875
2024-07-22,62.45067596435547,160.20005798339844
2024-07-23,62.633872985839844,158.88145446777344
2024-07-24,63.453433990478516,160.68736267089844
2024-07-25,63.70412826538086,163.41055297851562
2024-07-26,64.64903259277344,165.06358337402344
2024-07-29,64.4369125366211,165.5031280517578
2024-07-30,65.25647735595703,165.4744415283203
2024-07-31,64.35013580322266,164.9871368408203
2024-08-01,65.52644348144531,167.1752471923828
2024-08-02,66.84740447998047,170.11819458007812
2024-08-05,65.66143798828125,166.29615783691406
2024-08-06,65.61322784423828,164.81515502929688
2024-08-07,66.008544921875,164.1462860107422
2024-08-08,66.26889038085938,164.7004852294922
2024-08-09,66.22066497802734,164.7196044921875
2024-08-12,65.72892761230469,163.79275512695312
2024-08-13,66.008544921875,164.7004852294922
2024-08-14,66.1242446899414,165.9808807373047
2024-08-15,66.19174194335938,164.8438262939453
2024-08-16,66.70276641845703,164.93936157226562
2024-08-19,66.50992584228516,166.0859832763672
2024-08-20,66.89559936523438,168.02565002441406
2024-08-21,67.07879638671875,167.41412353515625
2024-08-22,66.84740447998047,167.92054748535156
2024-08-23,67.2909164428711,168.04473876953125
2024-08-26,68.30331420898438,168.1403045654297
2024-08-27,68.93968200683594,167.5001220703125
2024-08-28,69.18073272705078,166.1815185546875
2024-08-29,69.4699935913086,164.4329376220703
2024-08-30,69.87495422363281,165.1877899169922
2024-09-03,70.3956069946289,169.6404571533203
2024-09-04,69.96172332763672,170.57684326171875
2024-09-05,68.62149810791016,171.3221435546875
2024-09-06,68.59258270263672,170.73965454101562
2024-09-09,69.27714538574219,171.5580291748047
2024-09-10,68.98789978027344,171.19215393066406
2024-09-11,68.53472900390625,169.23770141601562
2024-09-12,68.67936706542969,170.65301513671875
2024-09-13,69.32494354248047,170.7589111328125
2024-09-16,69.99479675292969,170.61448669433594
2024-09-17,69.70355224609375,170.28713989257812
2024-09-18,69.65501403808594,168.68893432617188
2024-09-19,68.5580062866211,168.15939331054688
2024-09-20,69.54822540283203,164.8089141845703
2024-09-23,69.6355972290039,165.7042999267578
2024-09-24,69.24726867675781,163.59580993652344
2024-09-25,69.36376190185547,163.09515380859375
2024-09-26,69.31523895263672,163.37437438964844
2024-09-27,69.69384765625,163.67283630371094
2024-09-30,69.76180267333984,163.72097778320312
2024-10-01,69.61618041992188,165.00149536132812
2024-10-02,68.9366226196289,163.23959350585938
2024-10-03,68.46092224121094,162.25755310058594
2024-10-04,68.12114715576172,161.71839904785156
2024-10-07,66.9950180053711,160.98667907714844
2024-10-08,67.16004943847656,164.0771942138672
2024-10-09,67.53866577148438,166.11827087402344
2024-10-10,67.2280044555664,166.5515594482422
2024-10-11,67.53866577148438,168.30380249023438
2024-10-14,68.28617858886719,169.54580688476562
2024-10-15,68.28617858886719,169.35324096679688
2024-10-16,68.50946807861328,167.98609924316406
2024-10-17,67.8590316772461,168.1690216064453
2024-10-18,68.38326263427734,168.5445098876953
2024-10-21,67.42216491699219,168.4963836669922
2024-10-22,67.42216491699219,167.88018798828125
2024-10-23,66.02421569824219,166.51304626464844
2024-10-24,65.33494567871094,165.75244140625
2024-10-25,64.96603393554688,165.39620971679688
2024-10-28,64.72333526611328,163.518798828125
2024-10-29,63.645748138427734,161.26588439941406
2024-10-30,63.995235443115234,160.02389526367188
2024-10-31,63.403045654296875,159.89874267578125
2024-11-01,63.11181640625,159.42697143554688
2024-11-04,63.20889663696289,160.14906311035156
2024-11-05,63.461299896240234,161.6028594970703
2024-11-06,61.84006118774414,158.57972717285156
2024-11-07,61.80122756958008,157.89614868164062
2024-11-08,62.05363464355469,158.96482849121094
2024-11-11,61.509986877441406,158.14646911621094
2024-11-12,61.35466003417969,158.22349548339844
2024-11-13,61.160499572753906,158.60861206054688
2024-11-14,60.7236328125,159.0033416748047
2024-11-15,59.93729019165039,152.7163848876953
2024-11-18,60.05378723144531,152.4371795654297
2024-11-19,60.76247024536133,150.88710021972656
2024-11-20,61.150794982910156,152.83192443847656
2024-11-21,61.89830780029297,154.3723602294922
2024-11-22,62.05363464355469,155.9705810546875
2024-11-25,62.50020217895508,156.98150634765625
2024-11-26,62.66524124145508,156.12461853027344
2024-11-27,62.54874801635742,156.66380310058594
2024-11-29,62.6807975769043,157.36660766601562
2024-12-02,62.260189056396484,156.98150634765625
2024-12-03,62.133026123046875,155.68174743652344
2024-12-04,60.85162353515625,154.21832275390625
2024-12-05,61.54612350463867,154.5167999267578
2024-12-06,61.164642333984375,153.2108154296875
2024-12-09,61.23310852050781,154.84205627441406
2024-12-10,61.53634262084961,155.20130920410156
2024-12-11,61.272239685058594,152.2204132080078
2024-12-12,62.4460334777832,154.28858947753906
2024-12-13,61.741756439208984,153.38560485839844
2024-12-16,61.184200286865234,151.4921875
2024-12-17,62.01564407348633,151.60870361328125
2024-12-18,61.4776496887207,149.9483184814453
2024-12-19,61.086387634277344,147.07421875
2024-12-20,61.184200286865234,148.3559112548828
2024-12-23,61.01791763305664,146.8994598388672
2024-12-24,61.467872619628906,148.37533569335938
2024-12-26,61.20376968383789,148.01608276367188
2024-12-27,61.086387634277344,148.45301818847656
2024-12-30,60.67555618286133,147.31698608398438
